{
  "model_performance": {
    "mae": 0.8191395401954651,
    "rmse": 1.4131074072018146,
    "total_parameters": 75489,
    "trainable_parameters": 75489
  },
  "training_history": {
    "train_losses": [
      5.344617116888728,
      0.9727030106640737,
      0.9094659418141077,
      0.8814298603512826,
      0.8495819054612326,
      0.8460534750868421,
      0.8344778850537922,
      0.8305616761566302,
      0.818956746420729,
      0.810433603754831
    ],
    "val_losses": [
      0.6671169048973492,
      0.5115726471745542,
      0.475271662697196,
      0.44324108213186264,
      0.41478644125163555,
      0.42143084827278343,
      0.5249608954680818,
      0.3915057043944086,
      0.420478648639151,
      0.38278014957904816
    ]
  },
  "data_summary": {
    "total_records": 184646,
    "train_records": 110787,
    "val_records": 27697,
    "test_records": 46162,
    "features": [
      "supply_temp",
      "flow_rate",
      "power_kw",
      "bhe_type_encoded"
    ]
  },
  "bhe_analysis": {
    "single_u45mm": {
      "count": 65486,
      "avg_return_temp": 7.649215866430574,
      "avg_supply_temp": 7.221164046171295,
      "avg_temp_diff": 0.42805182025927857,
      "avg_flow_rate": 219.28378044038732,
      "avg_power": -143.78172433802644
    },
    "double_u45mm": {
      "count": 61799,
      "avg_return_temp": 6.2150544507192675,
      "avg_supply_temp": 6.786114662049547,
      "avg_temp_diff": -0.5710602113302804,
      "avg_flow_rate": 11.820515380507773,
      "avg_power": -8.311865887797538
    },
    "muovi_ellipse_63mm": {
      "count": 57361,
      "avg_return_temp": 5.9435522393263716,
      "avg_supply_temp": 6.484019630062237,
      "avg_temp_diff": -0.540467390735866,
      "avg_flow_rate": 11.821194365509665,
      "avg_power": -8.475889541674658
    }
  }
}