{
  "model_performance": {
    "overall_mae": 0.21545322239398956,
    "overall_rmse": 0.35980219950202463,
    "collector_metrics": {},
    "total_parameters": 75489,
    "trainable_parameters": 75489
  },
  "training_history": {
    "train_losses": [
      7.2599644302164466,
      0.6673099236580932,
      0.5368645549977867,
      0.5105278338622121,
      0.47848638458159365,
      0.46836611599598116,
      0.450901309263359,
      0.4565408788259747,
      0.4444247310601392,
      0.4321963217073274
    ],
    "val_losses": [
      1.7330604141148238,
      0.974438315973832,
      0.9597044569941667,
      0.7815684779332235,
      0.8733710471827251,
      0.8477006414188788,
      0.6971936884980935,
      0.7358182725998071,
      0.82138112344994,
      0.8437790038207402
    ]
  },
  "data_summary": {
    "total_records": 174557,
    "train_records": 104734,
    "val_records": 26183,
    "test_records": 43640,
    "features": [
      "supply_temp",
      "flow_rate",
      "power_kw",
      "bhe_type_encoded"
    ]
  },
  "bhe_analysis": {
    "single_u45mm": {
      "count": 52335,
      "avg_return_temp": 6.976714997602011,
      "avg_supply_temp": 7.548300780490062,
      "avg_temp_diff": -0.5715857828880515,
      "avg_flow_rate": 1.9445519039982058,
      "avg_power": -1.3474510744160524
    },
    "double_u45mm": {
      "count": 62139,
      "avg_return_temp": 6.6476815931161575,
      "avg_supply_temp": 7.1206416839780395,
      "avg_temp_diff": -0.4729600908618808,
      "avg_flow_rate": 2.8383013137247337,
      "avg_power": -1.5892087779417374
    },
    "muovi_ellipse_63mm": {
      "count": 60083,
      "avg_return_temp": 6.621848895222863,
      "avg_supply_temp": 7.035759637728128,
      "avg_temp_diff": -0.41391074250526766,
      "avg_flow_rate": 2.968953456452,
      "avg_power": -1.461027492670314
    }
  },
  "plot_paths": {
    "comprehensive_analysis": "c:\\Users\\H259507\\CNN-LSTM_geo\\output\\comprehensive_collector_analysis.png",
    "model_performance": "c:\\Users\\H259507\\CNN-LSTM_geo\\output\\model_performance_comparison.png"
  }
}