{
  "model_performance": {
    "overall_mae": 0.17164313793182373,
    "overall_rmse": 0.23518394104401,
    "collector_metrics": {
      "single_u45mm": {
        "mae": 0.1689216445820508,
        "rmse": 0.23872537934423393,
        "count": 4390
      },
      "muovi_ellipse_63mm": {
        "mae": 0.18229492077460654,
        "rmse": 0.24102039467434225,
        "count": 4810
      },
      "double_u45mm": {
        "mae": 0.16378402597404856,
        "rmse": 0.226193206615128,
        "count": 4999
      }
    },
    "total_parameters": 75489,
    "trainable_parameters": 75489
  },
  "training_history": {
    "train_losses": [
      9.380911728810696,
      0.9149945066088722,
      0.850382760876701,
      0.81282032564992,
      0.795421556702682,
      0.7875965514353344,
      0.7751563698762939,
      0.7715529852679798,
      0.7500234994859922,
      0.7522969668110212,
      0.7304323517850467,
      0.7311651827324004,
      0.7304662036753836,
      0.7303868567659741,
      0.7102891600557736,
      0.7001159865231741,
      0.7053275658261209,
      0.7007872075552032,
      0.6797053544294267,
      0.6806924300534385,
      0.662315600684711,
      0.6728106385895184,
      0.6756330497917675,
      0.6565530048239798,
      0.6434689071916398,
      0.6522477975203878,
      0.6367228707032544,
      0.6222233240093503,
      0.6240420476311729,
      0.6186376004701569,
      0.6027544880551952,
      0.5986076346820309,
      0.5899857468903065,
      0.5776951561371485,
      0.5777510205904642,
      0.5687769662056651,
      0.5730129381020864,
      0.5586308950469607,
      0.5553430276257652,
      0.5464512895615328,
      0.540026014049848,
      0.5073493147889773,
      0.5072543825067225,
      0.49589085082213086,
      0.4920314592974527,
      0.4842035442235924,
      0.47389949255046393,
      0.4850306466576599,
      0.46824186472665696,
      0.48053982392663047
    ],
    "val_losses": [
      0.05918229296803475,
      0.07518744319677353,
      0.06300297603011132,
      0.03831876441836357,
      0.03237309902906418,
      0.03555233366787434,
      0.04712925851345062,
      0.03382177390158177,
      0.05693691968917847,
      0.03981427140533924,
      0.02953663617372513,
      0.07714376747608184,
      0.038872648030519485,
      0.028126012533903122,
      0.05168152078986168,
      0.039823931828141215,
      0.12592990398406984,
      0.06790060251951217,
      0.0521066963672638,
      0.031228037923574446,
      0.026487754285335542,
      0.03483844101428986,
      0.03396743983030319,
      0.027139865234494208,
      0.026412732154130935,
      0.08802525997161866,
      0.025405597314238547,
      0.031367985904216765,
      0.0278387401252985,
      0.031986103951931,
      0.03753201812505722,
      0.03764176107943058,
      0.0421661015599966,
      0.028898276016116144,
      0.039032239466905594,
      0.026273079961538316,
      0.06802466735243798,
      0.025116259604692458,
      0.02525490112602711,
      0.02509358190000057,
      0.026877566799521448,
      0.027338138967752456,
      0.03824922814965248,
      0.07573551684617996,
      0.02905898727476597,
      0.03759336993098259,
      0.025687291845679285,
      0.05061783790588379,
      0.04781184121966362,
      0.026093359291553497
    ]
  },
  "data_summary": {
    "total_records": 190732,
    "train_records": 171542,
    "val_records": 4943,
    "test_records": 14247,
    "features": [
      "supply_temp",
      "flow_rate",
      "power_kw",
      "bhe_type_encoded"
    ]
  },
  "bhe_analysis": {
    "single_u45mm": {
      "count": 59316,
      "avg_return_temp": 6.992843329173717,
      "avg_supply_temp": 7.566240765670678,
      "avg_temp_diff": -0.5733974364969622,
      "avg_flow_rate": 1.919680477180235,
      "avg_power": -1.341077022968916
    },
    "double_u45mm": {
      "count": 66379,
      "avg_return_temp": 6.604427857549464,
      "avg_supply_temp": 7.095648831871981,
      "avg_temp_diff": -0.4912209743225157,
      "avg_flow_rate": 2.82760221865508,
      "avg_power": -1.662516890893161
    },
    "muovi_ellipse_63mm": {
      "count": 65037,
      "avg_return_temp": 6.5816210033833515,
      "avg_supply_temp": 7.009231874105825,
      "avg_temp_diff": -0.4276108707224738,
      "avg_flow_rate": 2.947763990867992,
      "avg_power": -1.5132429987355227
    }
  },
  "plot_paths": {
    "comprehensive_analysis": "c:\\Users\\H259507\\CNN-LSTM_geo\\output\\comprehensive_collector_analysis.png",
    "model_performance": "c:\\Users\\H259507\\CNN-LSTM_geo\\output\\model_performance_comparison.png"
  }
}