{
  "model_performance": {
    "mae": 1.0544928269095333,
    "rmse": 1.3198556843933558,
    "total_parameters": 75489,
    "trainable_parameters": 75489
  },
  "training_history": {
    "train_losses": [
      0.9321347571642469,
      0.4172556931547311,
      0.37495904955830944,
      0.3408335376567289,
      0.30304013480241215,
      0.26719295926974534,
      0.23481529341943877,
      0.20546167951186434,
      0.16902547096681905,
      0.1458881154037551
    ],
    "val_losses": [
      1.0138650747229943,
      0.8224857035252748,
      0.756839366286541,
      0.9029625742347359,
      1.0525404858612037,
      1.0097810376600187,
      0.9386786293951265,
      0.7637045473047662,
      0.8152612153662927,
      0.790256913093257
    ]
  },
  "data_summary": {
    "total_records": 130972,
    "train_records": 78583,
    "val_records": 19646,
    "test_records": 32743,
    "features": [
      "supply_temp",
      "flow_rate",
      "power_kw",
      "bhe_type_encoded"
    ]
  },
  "bhe_analysis": {
    "single_u45mm": {
      "count": 65486,
      "avg_return_temp": 7.649215866430574,
      "avg_supply_temp": 7.221164046171295,
      "avg_temp_diff": 0.42805182025927857,
      "avg_flow_rate": 219.28378044038732,
      "avg_power": -143.78172433802644
    },
    "muovi_ellipse_63mm": {
      "count": 65486,
      "avg_return_temp": 7.649215866430574,
      "avg_supply_temp": 7.221164046171295,
      "avg_temp_diff": 0.42805182025927857,
      "avg_flow_rate": 219.28378044038732,
      "avg_power": -143.78172433802644
    }
  }
}