{
  "model_performance": {
    "overall_mae": 0.34815311431884766,
    "overall_rmse": 0.3971413867272407,
    "collector_metrics": {
      "single_u45mm": {
        "mae": 0.264453932018227,
        "rmse": 0.32674718716087947,
        "count": 4390
      },
      "muovi_ellipse_63mm": {
        "mae": 0.39719151732827424,
        "rmse": 0.43430315737354824,
        "count": 4810
      },
      "double_u45mm": {
        "mae": 0.3744713282389602,
        "rmse": 0.41562137696376755,
        "count": 4999
      }
    },
    "total_parameters": 75489,
    "trainable_parameters": 75489
  },
  "training_history": {
    "train_losses": [
      8.317905547718206,
      0.8489808117349943,
      0.7539882883429527,
      0.7439551977884202,
      0.7319269967930657
    ],
    "val_losses": [
      0.11032811403274537,
      0.08967294543981552,
      0.03887144848704338,
      0.05797144994139671,
      0.12087859213352203
    ]
  },
  "data_summary": {
    "total_records": 190732,
    "train_records": 171542,
    "val_records": 4943,
    "test_records": 14247,
    "features": [
      "supply_temp",
      "flow_rate",
      "power_kw",
      "bhe_type_encoded"
    ]
  },
  "bhe_analysis": {
    "single_u45mm": {
      "count": 59316,
      "avg_return_temp": 6.992843329173717,
      "avg_supply_temp": 7.566240765670678,
      "avg_temp_diff": -0.5733974364969622,
      "avg_flow_rate": 1.919680477180235,
      "avg_power": -1.341077022968916
    },
    "double_u45mm": {
      "count": 66379,
      "avg_return_temp": 6.604427857549464,
      "avg_supply_temp": 7.095648831871981,
      "avg_temp_diff": -0.4912209743225157,
      "avg_flow_rate": 2.82760221865508,
      "avg_power": -1.662516890893161
    },
    "muovi_ellipse_63mm": {
      "count": 65037,
      "avg_return_temp": 6.5816210033833515,
      "avg_supply_temp": 7.009231874105825,
      "avg_temp_diff": -0.4276108707224738,
      "avg_flow_rate": 2.947763990867992,
      "avg_power": -1.5132429987355227
    }
  },
  "plot_paths": {
    "comprehensive_analysis": "c:\\Users\\H259507\\CNN-LSTM_geo\\output\\comprehensive_collector_analysis.png",
    "model_performance": "c:\\Users\\H259507\\CNN-LSTM_geo\\output\\model_performance_comparison.png"
  }
}