{
  "model_performance": {
    "overall_mae": 0.1628,
    "overall_rmse": 0.2337,
    "collector_metrics": {
      "muovi_ellipse_63mm": {
        "mae": 0.1487,
        "rmse": 0.2210,
        "count": 5901
      },
      "double_u45mm": {
        "mae": 0.1455,
        "rmse": 0.2162,
        "count": 5829
      },
      "single_u45mm": {
        "mae": 0.1938,
        "rmse": 0.2610,
        "count": 5946
      }
    },
    "total_parameters": 75489,
    "trainable_parameters": 75489
  },
  "training_history": {
    "train_losses": [
      5.848019,
      0.662079,
      0.647647,
      0.610114,
      0.604758,
      0.582145,
      0.578892,
      0.545990,
      0.549367,
      0.531047,
      0.515873,
      0.498302,
      0.496574,
      0.503363,
      0.489845,
      0.483735,
      0.475491,
      0.468386,
      0.464573,
      0.475540,
      0.465078,
      0.470155,
      0.459372,
      0.449344,
      0.449088,
      0.450887,
      0.442965,
      0.433630,
      0.429682,
      0.419343,
      0.422368,
      0.418121,
      0.413988,
      0.412634,
      0.408956,
      0.407006,
      0.398954,
      0.392482,
      0.388945,
      0.385242,
      0.385794,
      0.384096,
      0.376869,
      0.368141,
      0.368512,
      0.367264,
      0.360977,
      0.353544,
      0.356123,
      0.361364,
      0.353889,
      0.351503,
      0.346246,
      0.338457,
      0.338125,
      0.335399,
      0.331645,
      0.329233,
      0.325866,
      0.320205,
      0.319977,
      0.315465,
      0.313478,
      0.311611,
      0.307445,
      0.301177,
      0.302356,
      0.300023,
      0.298776,
      0.304933,
      0.292489
    ],
    "val_losses": [
      0.100468,
      0.117787,
      0.055447,
      0.091447,
      0.038724,
      0.033123,
      0.027695,
      0.026587,
      0.031247,
      0.026708,
      0.029561,
      0.044627,
      0.028447,
      0.025401,
      0.031785,
      0.025754,
      0.028886,
      0.026429,
      0.030447,
      0.064144,
      0.024074,
      0.076236,
      0.034567,
      0.064939,
      0.023283,
      0.031628,
      0.026784,
      0.027520,
      0.028993,
      0.032191,
      0.025664,
      0.026225,
      0.025138,
      0.023623,
      0.022904,
      0.077156,
      0.025889,
      0.024985,
      0.025447,
      0.024102,
      0.025336,
      0.023855,
      0.026774,
      0.028879,
      0.025223,
      0.024184,
      0.024567,
      0.031851,
      0.022182,
      0.023646,
      0.024889,
      0.038460,
      0.021996,
      0.023223,
      0.023778,
      0.023950,
      0.021867,
      0.035846,
      0.024556,
      0.026102,
      0.024883,
      0.026466,
      0.027334,
      0.035508,
      0.024667,
      0.022472,
      0.023889,
      0.024180,
      0.024556,
      0.025921,
      0.022282
    ]
  },
  "data_summary": {
    "total_records": 226858,
    "train_records": 203190,
    "val_records": 5848,
    "test_records": 17676,
    "features": [
      "supply_temp",
      "flow_rate",
      "power_kw",
      "bhe_type_encoded"
    ]
  },
  "bhe_analysis": {
    "single_u45mm": {
      "count": 72112,
      "avg_return_temp": 6.967155863558522,
      "avg_supply_temp": 7.5658729533468305,
      "avg_temp_diff": -0.5987170897883104,
      "avg_flow_rate": 1.8321680996067167,
      "avg_power": -1.3136106402030652
    },
    "double_u45mm": {
      "count": 77331,
      "avg_return_temp": 6.533261543429639,
      "avg_supply_temp": 7.048786784496771,
      "avg_temp_diff": -0.5155252410671332,
      "avg_flow_rate": 2.797682399970329,
      "avg_power": -1.7574722921619312
    },
    "muovi_ellipse_63mm": {
      "count": 77415,
      "avg_return_temp": 6.507277303944254,
      "avg_supply_temp": 6.962496866725456,
      "avg_temp_diff": -0.4552195627812013,
      "avg_flow_rate": 2.9297020012152886,
      "avg_power": -1.6274143159891807
    }
  },
  "plot_paths": {
    "comprehensive_analysis": "c:\\Users\\H259507\\CNN-LSTM_geo\\output\\comprehensive_collector_analysis.png",
    "model_performance": "c:\\Users\\H259507\\CNN-LSTM_geo\\output\\model_performance_comparison.png"
  }
}