{
  "model_performance": {
    "overall_mae": 0.17786027491092682,
    "overall_rmse": 0.24642080191468757,
    "collector_metrics": {
      "single_u45mm": {
        "mae": 0.1978715484602727,
        "rmse": 0.2658467883135796,
        "count": 4390
      },
      "muovi_ellipse_63mm": {
        "mae": 0.1757008664493997,
        "rmse": 0.24295850833441254,
        "count": 4810
      },
      "double_u45mm": {
        "mae": 0.16236461310130068,
        "rmse": 0.23154810588897615,
        "count": 4999
      }
    },
    "total_parameters": 75489,
    "trainable_parameters": 75489
  },
  "training_history": {
    "train_losses": [
      8.60830344330697,
      0.7333799501260122,
      0.6510917814004988,
      0.6239108100888275,
      0.6139611559254783,
      0.5993654243648052,
      0.5911347452728521,
      0.5721301803631442,
      0.5374658345466569,
      0.5362552849664575,
      0.5354617433178992,
      0.5392035433933848,
      0.5191464723930472,
      0.519966185092926,
      0.5100663582838717,
      0.5138850611235414,
      0.5028758158995992,
      0.5085411497524807,
      0.4947613055507342,
      0.4968540801533631,
      0.4911672119938192,
      0.4808155001983756,
      0.4844984273825373,
      0.47668564479265896,
      0.4918045836190383,
      0.48533391065540765,
      0.4718930737248489,
      0.46710326877378283,
      0.4652113584535463
    ],
    "val_losses": [
      0.09374516755342484,
      0.05221039019525051,
      0.07530404850840569,
      0.035202367976307866,
      0.05372036024928093,
      0.03582509607076645,
      0.03533594645559788,
      0.03715477287769318,
      0.05216660052537918,
      0.03490536734461784,
      0.0734648771584034,
      0.030817757919430734,
      0.028483356162905694,
      0.042864836007356646,
      0.03984115086495876,
      0.034057028219103815,
      0.03208935149013996,
      0.03175284639000893,
      0.038539960980415344,
      0.031242125481367112,
      0.02949017696082592,
      0.04272970110177994,
      0.02875326797366142,
      0.03191489912569523,
      0.0721120834350586,
      0.03976874575018883,
      0.040091144293546675,
      0.031303005293011665,
      0.03541520684957504
    ]
  },
  "data_summary": {
    "total_records": 190732,
    "train_records": 171542,
    "val_records": 4943,
    "test_records": 14247,
    "features": [
      "supply_temp",
      "flow_rate",
      "power_kw",
      "bhe_type_encoded"
    ]
  },
  "bhe_analysis": {
    "single_u45mm": {
      "count": 59316,
      "avg_return_temp": 6.992843329173717,
      "avg_supply_temp": 7.566240765670678,
      "avg_temp_diff": -0.5733974364969622,
      "avg_flow_rate": 1.919680477180235,
      "avg_power": -1.341077022968916
    },
    "double_u45mm": {
      "count": 66379,
      "avg_return_temp": 6.604427857549464,
      "avg_supply_temp": 7.095648831871981,
      "avg_temp_diff": -0.4912209743225157,
      "avg_flow_rate": 2.82760221865508,
      "avg_power": -1.662516890893161
    },
    "muovi_ellipse_63mm": {
      "count": 65037,
      "avg_return_temp": 6.5816210033833515,
      "avg_supply_temp": 7.009231874105825,
      "avg_temp_diff": -0.4276108707224738,
      "avg_flow_rate": 2.947763990867992,
      "avg_power": -1.5132429987355227
    }
  },
  "plot_paths": {
    "comprehensive_analysis": "c:\\Users\\H259507\\CNN-LSTM_geo\\output\\comprehensive_collector_analysis.png",
    "model_performance": "c:\\Users\\H259507\\CNN-LSTM_geo\\output\\model_performance_comparison.png"
  }
}