{
  "model_performance": {
    "test_mae": 0.32409247756004333,
    "test_rmse": 0.47609275579452515,
    "test_samples": 14401,
    "test_days": 50,
    "total_parameters": 75393,
    "trainable_parameters": 75393
  },
  "training_history": {
    "train_losses": [
      10.440362895727157,
      0.5705685716867447,
      0.42545692443847655,
      0.38527574241161344,
      0.35904068768024444,
      0.345126137137413,
      0.33103406727313994,
      0.3387816643714905,
      0.3500040102005005,
      0.3258184790611267,
      0.3310102009773254,
      0.31809568762779233,
      0.3183425784111023,
      0.3103970831632614,
      0.31637926697731017,
      0.31374341785907744,
      0.32026528716087344,
      0.31339896261692046,
      0.31274426519870757,
      0.3287981477379799,
      0.305007575750351,
      0.3021213608980179,
      0.3113736301660538,
      0.30544635593891145,
      0.30149338752031324,
      0.3032658207416534,
      0.31211364686489107,
      0.3018189984560013,
      0.3115194284915924,
      0.30685771465301515,
      0.29524725943803787,
      0.29539821296930313,
      0.3007982462644577,
      0.2902021008729935,
      0.31098722636699677,
      0.30140215396881104,
      0.2985762086510658,
      0.2986080551147461,
      0.28991577118635176,
      0.2982358428835869,
      0.2976916280388832,
      0.28710359483957293,
      0.2800872600078583,
      0.28549435853958127,
      0.2945591902732849,
      0.28257358103990554,
      0.28126276314258575,
      0.2680863329768181,
      0.27597175747156144,
      0.2742042225599289,
      0.26954902946949005,
      0.2770105910301208,
      0.2779817685484886,
      0.2770240205526352,
      0.2852020364999771,
      0.2715315470099449,
      0.28231071919202805,
      0.2630998116731644,
      0.26667009860277174,
      0.27337603360414503,
      0.2597727271914482,
      0.2709114390611649,
      0.2632432562112808
    ],
    "val_losses": [
      5.472478321620396,
      1.8258991369179316,
      1.4829421596867698,
      1.425936562674386,
      1.1666439737060241,
      1.1616938752787453,
      1.2001301811209746,
      1.1750224637133735,
      1.1885355902569634,
      1.2286894776459252,
      1.0996260374252285,
      1.01578658499888,
      1.1265726241150074,
      1.054443620145321,
      1.0182087437382765,
      1.0916817300021648,
      1.2366510605705636,
      0.9970457857208592,
      1.0323688265468394,
      1.0153922638190644,
      1.171547180307763,
      0.9742041930024113,
      1.0328909805310624,
      1.2254315380539214,
      0.9770715933825288,
      1.294130693588938,
      0.8975801808493478,
      0.8974644589637008,
      1.057668856212071,
      0.884749772293227,
      0.8894998218332019,
      0.9049974610762936,
      0.9489685769325921,
      0.9902391859463283,
      0.9511551798454353,
      0.900368635941829,
      1.0096876339188643,
      0.9374476916023663,
      1.062329922403608,
      1.1982689340199744,
      0.8961463182100228,
      0.9292200319468975,
      0.9486146106251648,
      0.8799011843012912,
      0.9145843373345477,
      0.8282170207904918,
      0.7391410395503044,
      0.9357090233159917,
      0.8447291989411626,
      0.8553077296486923,
      0.8978240936994553,
      0.9135238749108144,
      1.187191193657262,
      0.8496515011148793,
      1.0669942051172256,
      0.9107156156429222,
      1.0542893377797944,
      0.9527700059115887,
      0.9500136497829642,
      1.0137044452130795,
      0.9155204559543303,
      1.122661875826972,
      1.1595721393823624
    ],
    "epochs_trained": 63,
    "best_val_loss": 0.7391410395503044
  },
  "data_split": {
    "train_samples": 50526,
    "val_samples": 7200,
    "test_samples": 14401,
    "val_start": "2025-06-25T21:40:00",
    "test_start": "2025-07-20T21:40:00",
    "latest_timestamp": "2025-09-08T21:40:00"
  },
  "model_config": {
    "input_features": 3,
    "feature_cols": [
      "supply_temp",
      "flow_rate",
      "power_kw"
    ],
    "seq_len": 48,
    "pred_horizon": 1,
    "batch_size": 1024,
    "learning_rate": 0.001,
    "patience": 16,
    "conv_channels": [
      32,
      64
    ],
    "kernel_size": 3,
    "lstm_hidden": 64,
    "lstm_layers": 2,
    "dropout": 0.1
  },
  "evaluation": {
    "pre_degradation_mae": 0.32624922371533144,
    "pre_degradation_rmse": 0.4788055403739726,
    "baseline_mae": 0.39868296183135427,
    "baseline_rmse": 0.45851560240242606,
    "improvement_over_baseline_pct": 18.168255243037656,
    "eval_samples": 14401,
    "eval_coverage_pct": 19.9324558125372,
    "eval_start": "2025-07-20T21:40:00",
    "eval_end": "2025-09-08T21:45:00"
  }
}